,demo_arrow_rt,demo_arrow_correct,demo_demo_accuracy,demo_RT_overall_mean,demo_RT_incorrect_mean,demo_RT_correct_mean,encoding_arrow_mean_rt,encoding_arrow_accuracy,testing_Test_overall_accuracy,testing_RT_overall_mean,testing_RT_incorrect_mean,testing_RT_correct_mean,testing_layer_1_rt,testing_layer_1_accuracy,testing_layer_2_rt,testing_layer_2_accuracy,testing_layer_3_rt,testing_layer_3_accuracy,testing_longest_response_strike
A2U5OFMW8H30PC,0.9488,1.0,1.0,2.488933333333333,,2.488933333333333,1.1161400000000001,1.0,0.8833333333333333,1.883286666666667,1.8894714285714282,1.8824698113207552,1.9479650000000004,0.9,1.9362449999999995,0.9,1.7656499999999997,0.85,5.0
A1R5JNC2LO6X1S,1.506,1.0,0.5,2.3169999999999997,2.2776666666666667,2.3563333333333336,1.3695999999999997,1.0,0.65,1.7043666666666664,1.6834761904761908,1.7156153846153848,1.7844499999999996,0.65,1.6198500000000002,0.55,1.7088000000000005,0.75,5.0
A3L9EN8YL1HZWF,1.186,1.0,0.6666666666666666,3.771833333333333,6.54,2.38775,0.9448000000000001,1.0,0.8,1.821066666666667,2.0102499999999996,1.7737708333333335,1.873,0.85,1.7126500000000004,0.75,1.8775499999999998,0.8,4.0
A28JWKICT1X73Z,1.2758,1.0,0.8333333333333334,1.7447666666666668,2.6112,1.57148,1.3937599999999999,1.0,0.8666666666666667,1.4546796610169492,1.4318875,1.9534173076923074,1.4041315789473685,0.9,1.6895950000000002,0.85,1.267785,0.85,4.0
