,demo_arrow_correct,demo_arrow_rt,demo_demo_accuracy,demo_RT_overall_mean,demo_RT_incorrect_mean,demo_RT_correct_mean,encoding_arrow_mean_rt,encoding_arrow_accuracy,testing_Test_overall_accuracy,testing_RT_overall_mean,testing_RT_incorrect_mean,testing_RT_correct_mean,testing_layer_1_rt,testing_layer_1_accuracy,testing_layer_2_rt,testing_layer_2_accuracy,testing_layer_3_rt,testing_layer_3_accuracy,testing_longest_response_strike
A34LSCB90T5KYE,1.0,0.6907,0.6666666666666666,1.8626833333333337,1.7879,1.900075,0.6810599999999999,1.0,0.6666666666666666,1.5268983333333337,1.6860100000000002,1.4473425,1.6411349999999998,0.75,1.4410150000000002,0.7,1.498545,0.55,4.0
A1PHDT66U6IK4Q,1.0,0.6992,0.8333333333333334,3.2718666666666665,3.1779,3.2906600000000004,0.5784,1.0,0.85,3.2735833333333337,5.791611111111111,2.829225490196079,3.33583,0.9,2.957965,0.85,3.5269549999999996,0.8,4.0
A2PD1J75MLX61W,1.0,1.285,0.8333333333333334,3.0535,3.045,3.0552,1.1545999999999998,1.0,0.7166666666666667,2.4652033898305086,2.648764705882353,2.568441860465116,2.433842105263158,0.8,2.2045,0.75,2.7557,0.6,6.0
A10JXOU89D5RXR,1.0,0.691,0.6666666666666666,1.4669833333333333,1.8267000000000002,1.287125,0.43994,1.0,0.6833333333333333,1.4514200000000002,1.5255,1.4170902439024387,1.390645,0.7,1.42172,0.7,1.541895,0.65,5.0
