,demo_arrow_rt,demo_arrow_correct,demo_demo_accuracy,demo_RT_overall_mean,demo_RT_incorrect_mean,demo_RT_correct_mean,encoding_arrow_mean_rt,encoding_arrow_accuracy,testing_Test_overall_accuracy,testing_RT_overall_mean,testing_RT_incorrect_mean,testing_RT_correct_mean,testing_layer_1_rt,testing_layer_1_accuracy,testing_layer_2_rt,testing_layer_2_accuracy,testing_layer_3_rt,testing_layer_3_accuracy,testing_longest_response_strike
A34WEYAH462CBS,0.9234,1.0,1.0,1.5979833333333335,,1.5979833333333335,1.0479800000000001,1.0,0.8166666666666667,1.4861666666666662,1.5952545454545457,1.461677551020408,1.3617000000000004,0.9,1.571275,0.75,1.525525,0.8,3.0
ALYR5CI2SM2JC,0.7561,1.0,0.6666666666666666,2.5471166666666667,2.795,2.423175,0.5754,1.0,0.7666666666666667,1.8957216666666665,1.9729357142857142,1.8722217391304337,1.732985,0.75,2.14245,0.75,1.81173,0.8,9.0
A2FAAOGWUTTTF5,1.3591,1.0,0.5,2.7460833335,2.5454666673333333,2.9466999996666665,2.09477500025,0.8,0.7333333333333333,2.0143372880169497,2.027099999875,2.2721227271590907,1.921484210578947,0.85,1.9174099996999998,0.75,2.1994749998999996,0.6,4.0
A1I9RLJQ0BYN21,0.941,1.0,1.0,1.5149166666666665,,1.5149166666666665,0.9896799999999999,1.0,0.9666666666666667,1.4498216666666663,1.93825,1.4329793103448276,1.5105899999999999,1.0,1.402485,0.9,1.4363899999999998,1.0,4.0
A2JLNOYPVW7W4V,1.7581,1.0,0.5,12.835183333333333,23.5471,2.1232666666666664,1.47892,1.0,0.6833333333333333,2.475859322033898,2.6114842105263154,2.794473170731707,2.0706500000000005,0.7,2.672254999999999,0.6,2.6956631578947374,0.75,4.0
AZCGF2D7QIO10,0.597,1.0,0.6666666666666666,1.5714333333333332,1.5447,1.5848,0.56058,1.0,0.8333333333333334,1.6417,1.83397,1.603246,1.7606199999999999,0.85,1.56167,0.65,1.6028100000000003,1.0,6.0
