,demo_arrow_rt,demo_arrow_correct,demo_demo_accuracy,demo_RT_overall_mean,demo_RT_incorrect_mean,demo_RT_correct_mean,encoding_arrow_mean_rt,encoding_arrow_accuracy,testing_Test_overall_accuracy,testing_RT_overall_mean,testing_RT_incorrect_mean,testing_RT_correct_mean,testing_layer_1_rt,testing_layer_1_accuracy,testing_layer_2_rt,testing_layer_2_accuracy,testing_layer_3_rt,testing_layer_3_accuracy,testing_longest_response_strike
A1YZ0ETOCJO1B2,0.935,1.0,0.6666666666666666,2.6620500003333336,3.4689000000000005,2.2586250005,0.7199200001999999,1.0,0.65,2.47011999995,2.323009523857143,2.5493333332307695,2.2412300001,0.75,2.6823049999,0.55,2.48682499985,0.65,3.0
A21YNTPZSVT4QX,1.2685,1.0,1.0,2.64995,,2.64995,1.3142,0.8,0.6166666666666667,2.6442,2.9114,2.8387783783783784,2.44548,0.85,2.9159949999999997,0.5,2.567278947368421,0.5,4.0
A2LKGF193ZR5JP,0.7911,1.0,0.8333333333333334,1.8726833333333335,2.5943,1.72836,0.5437799999999999,1.0,0.65,1.5695183333333333,1.5748380952380954,1.5666538461538462,1.505185,0.8,1.596475,0.55,1.6068950000000002,0.6,7.0
A2M3FPQF852HW4,0.381,1.0,0.6666666666666666,1.8317166666666667,1.6407,1.927225,0.38716,1.0,0.6666666666666666,1.5178316666666667,1.49233,1.5305825,1.498845,0.6,1.57153,0.55,1.48312,0.85,4.0
A2NT3OQZUUZPEO,0.802,1.0,0.8333333333333334,2.798216666666667,5.4533,2.2672,0.68916,1.0,0.6666666666666666,3.082418333333334,3.1260850000000002,3.060585,3.139105,0.7,2.875395,0.7,3.232755,0.6,5.0
A2OZN198ZV1VKK,0.8935,1.0,0.6666666666666666,1.791966666666667,1.8397999999999999,1.7680500000000001,0.5795600000000001,1.0,0.6666666666666666,1.829525,1.769255,1.8596599999999999,1.70729,0.7,1.55355,0.6,2.227735,0.7,3.0
A376AZWIBALRC,1.4149,1.0,0.8333333333333334,2.2040166666666665,2.0861,2.2276,1.4507599999999998,1.0,0.6166666666666667,2.8637508474576268,3.2594565217391307,2.844278378378378,2.8053052631578943,0.75,2.90987,0.6,2.8731549999999997,0.5,9.0
A5NE8TWS8ZV7B,0.633,1.0,1.0,1.2273333333333334,,1.2273333333333334,0.634,1.0,0.6333333333333333,1.56985,1.6676363636363638,1.513236842105263,1.43055,0.75,1.63355,0.5,1.6454499999999999,0.65,6.0
AUZP4FPD6UTNU,1.036599999,1.0,0.8333333333333334,1.6325166666666666,2.0956,1.5398999999999998,1.3617399998,1.0,0.6666666666666666,2.1116850000166663,1.8459749999,2.2445400000749998,2.39572499995,0.7,2.22000000005,0.7,1.7193300000499998,0.6,6.0
