,demo_arrow_correct,demo_arrow_rt,demo_demo_accuracy,demo_RT_overall_mean,demo_RT_incorrect_mean,demo_RT_correct_mean,encoding_arrow_mean_rt,encoding_arrow_accuracy,testing_Test_overall_accuracy,testing_RT_overall_mean,testing_RT_incorrect_mean,testing_RT_correct_mean,testing_layer_1_rt,testing_layer_1_accuracy,testing_layer_2_rt,testing_layer_2_accuracy,testing_layer_3_rt,testing_layer_3_accuracy,testing_longest_response_strike
A1DEYILIW8BKPC,1.0,1.79,0.5,1.22,1.4445,0.9954999999999999,0.95472,0.8,0.6271186440677966,1.1570033898305085,1.1570136363636365,1.156997297297297,1.1108050000000003,0.6,1.2548105263157896,0.5263157894736842,1.1102850000000002,0.75,7.0
A2Z9PNETGAD9MS,1.0,1.4877,1.0,2.80185,,2.80185,1.5698250000000002,0.8,0.7333333333333333,2.0841033898305086,6.014381250000001,2.11065909090909,1.93708,0.75,2.1322150000000004,0.7,2.188221052631579,0.75,6.0
A2QGCZDG0PIFEL,1.0,1.1775,0.8333333333333334,1.9394833333333334,2.0677,1.91384,1.3668000000000002,1.0,0.7,1.876955,1.8353000000000002,1.894807142857143,1.8521100000000001,0.8,1.8463699999999998,0.6,1.9323850000000005,0.7,6.0
A2LB6A57BDB1X0,1.0,1.5094,0.6666666666666666,2.14965,2.5839999999999996,1.9324750000000002,1.25674,1.0,0.6666666666666666,2.794483050847458,3.352175,2.7772799999999997,2.752765,0.7,2.9332684210526314,0.6,2.7043550000000005,0.7,6.0
ACXPNVY0QDNHR,1.0,0.7555,1.0,1.7108833333333333,,1.7108833333333333,0.61732,1.0,0.8,1.6862116666666667,1.9148833333333333,1.6290437500000001,1.5957550000000003,0.85,1.7119799999999994,0.95,1.7509000000000003,0.6,4.0
AJY73B73U0TG6,1.0,2.523,0.5,2.6065,3.203333333333333,2.0096666666666665,1.4824,1.0,0.8833333333333333,1.9756,2.4632857142857145,1.9111886792452832,1.94035,0.95,1.86255,0.9,2.1239000000000003,0.8,4.0
